sid,family,instance_type,naive_mae,naive_mase,snaive_mae,snaive_mase,gbm_mae,gbm_mase,gbm_vs_naive_pct,sarima_mase
c5.xlarge@us-east-1a,compute,c5.xlarge,0.0008592261904761905,0.27210267982025454,0.002597172619047619,0.8224814809322658,0.0006674568075752624,0.2113724977410748,22.318847473055705,0.24147448218000492
g4dn.xlarge@us-east-1a,gpu,g4dn.xlarge,0.004245416666666666,0.26994675777756105,0.013444821428571428,0.8548951112472983,0.0039367403489400194,0.25031943313183935,7.270813254921482,0.24859065611833295
m5.xlarge@us-east-1a,general,m5.xlarge,0.0011585119047619048,0.29823026242669515,0.003778571428571428,0.9726998437469354,0.0009161111473856063,0.2358301772936724,20.923458479791492,0.28468726531830857
r5.xlarge@us-east-1a,memory,r5.xlarge,0.0017922916666666664,0.34964116025213066,0.006570565476190478,1.2817892195417409,0.001542694472900548,0.3009496140896879,13.926148205014155,0.3390718279244696
t3.medium@us-east-1a,burst,t3.medium,0.0002552083333333333,0.4179822206855136,0.0007827083333333335,1.2819258800942654,0.0005094420864356658,0.8343682661839974,-99.61812366458747,0.4867711331961688
