sid,family,instance_type,naive_mae,naive_mase,snaive_mae,snaive_mase,sarima_mase
c5.xlarge@us-east-1a,compute,c5.xlarge,0.0008483035714285715,0.26137436533979497,0.002812886904761905,0.8666903621148666,0.2469011972624142
g4dn.xlarge@us-east-1a,gpu,g4dn.xlarge,0.004273541666666666,0.2650281225505818,0.011460624999999999,0.7107425559221009,0.23401891989961457
m5.xlarge@us-east-1a,general,m5.xlarge,0.001161011904761905,0.3440709255922442,0.0038002380952380952,1.1262170814412324,0.32210714526586137
r5.xlarge@us-east-1a,memory,r5.xlarge,0.0017883333333333336,0.3098839403297728,0.005474910714285714,0.9486972442291972,0.2543686106988617
t3.medium@us-east-1a,burst,t3.medium,0.00026452380952380955,0.4192062625617237,0.000761875,1.2073876142346494,0.4728960262782593
